{
  "5EvvqR8EJhQYVyk6avp2dpkLymR95StUqPoRSSN7sD9FUSWj": {
    "throughput": 56958,
    "loss": 10.822437429428101,
    "communication": 176719888
  },
  "5EEqeZe2KmWTHKRr48xZNgfDXZCJScfTMvt2daoMxKz1Zifw": {
    "throughput": 52809,
    "loss": 10.826420259475707,
    "communication": 183629488
  },
  "5HW6iTCNfk9xRmNbFv7PKGpJL99JU2wzco4ABJxywKZGgjJA": {
    "throughput": 52758,
    "loss": 10.796646881103516,
    "communication": 184031248
  },
  "5EvFbREcHj3gC9tRCbQ5E4CF25UCAVsJj4pFyzFqHrbgn9Rg": {
    "throughput": 58008,
    "loss": 10.814713764190675,
    "communication": 412346384
  }
}