{
  "5EvvqR8EJhQYVyk6avp2dpkLymR95StUqPoRSSN7sD9FUSWj": {
    "throughput": 91837,
    "loss": 4.893775820686664,
    "communication": 137488068424
  },
  "5EEqeZe2KmWTHKRr48xZNgfDXZCJScfTMvt2daoMxKz1Zifw": {},
  "5HW6iTCNfk9xRmNbFv7PKGpJL99JU2wzco4ABJxywKZGgjJA": {
    "throughput": 87268,
    "loss": 4.979081645531852,
    "communication": 73647165256
  },
  "5EvFbREcHj3gC9tRCbQ5E4CF25UCAVsJj4pFyzFqHrbgn9Rg": {
    "throughput": 95518,
    "loss": 4.871289764115426,
    "communication": 648031778632
  }
}