{
  "5EvvqR8EJhQYVyk6avp2dpkLymR95StUqPoRSSN7sD9FUSWj": {
    "throughput": 93728,
    "loss": 7.332924721837044,
    "communication": 8246928168
  },
  "5EEqeZe2KmWTHKRr48xZNgfDXZCJScfTMvt2daoMxKz1Zifw": {
    "throughput": 86940,
    "loss": 10.829933931350707,
    "communication": 9628848168
  },
  "5HW6iTCNfk9xRmNbFv7PKGpJL99JU2wzco4ABJxywKZGgjJA": {
    "throughput": 87299,
    "loss": 7.489259695410729,
    "communication": 7470748456
  },
  "5EvFbREcHj3gC9tRCbQ5E4CF25UCAVsJj4pFyzFqHrbgn9Rg": {
    "throughput": 95364,
    "loss": 7.1414169216156,
    "communication": 64856193832
  }
}